{
    "J1": {
        "R2": [
            0.560025908411786,
            0.43958747386433455,
            0.0003866177238792705
        ],
        "R3": [
            0.15143687233846367,
            0.48462027910983707,
            0.3639428485516992
        ],
        "R6": [
            0.43510062728071747,
            0.3018088066076116,
            0.26309056611167086
        ],
        "R7": [
            0.45797400296167423,
            0.5420259970383259,
            0.0
        ]
    },
    "J10": {
        "R16": [
            0.48701176754598646,
            0.5129882324540136
        ],
        "R41": [
            0.09504229039259682, 0.5531195211849448, 0.3518381884224585
        ],
        "R42": [
            1.0
        ],
        "R46": [
            0.3841132096245947, 0.6158867903754053
        ]
    },
    "J2": {
        "R12": [
            0.4528223145641709,
            0.5471776854358291,
            0.0
        ],
        "R13": [
            0.8382366648212914,
            0.11383802055966642,
            0.04792531461904211
        ],
        "R8": [
            0.25443279969472443,
            0.4833783275729748,
            0.26218887273230074
        ],
        "R9": [
            0.3577279152410102,
            0.5485517114341374,
            0.09372037332485235
        ]
    },
    "J3": {
        "R10": [
            0.7561905672312167,
            0.0919214604318918,
            0.15188797233689164
        ],
        "R15": [
            0.13502775992110302,
            0.8646305938344029,
            0.00034164624449412593
        ],
        "R49": [
            0.0
        ]
    },
    "J4": {
        "R18": [
            0.21695364102072687,
            0.41541962913716685,
            0.3676267298421063
        ],
        "R20": [
            0.3828914623449349,
            0.2948810944507949,
            0.3222274432042702
        ],
        "R21": [
            0.4017566359800755,
            0.5971394579525088,
            0.001103906067415739
        ],
        "R5": [
            0.6744478508623726,
            0.32555214913762753,
            0.0
        ]
    },
    "J5": {
        "R11": [
            0.020153737045803158,
            0.4253260977221765,
            0.22788562579551258,
            0.32663453943650783
        ],
        "R22": [
            0.9313816425120773,
            0.0,
            0.0686183574879227
        ],
        "R24": [
            0.41298819536361614,
            0.48877302116680327,
            0.09823878346958063
        ],
        "R25": [
            0.5974289218728946,
            0.00044044812858002783,
            0.23952758317956493,
            0.16260304681896054
        ]
    },
    "J6": {
        "R28": [
            0.0,
            0.0
        ],
        "R30": [
            0.8225652323412748,
            0.07286392509938353,
            0.10457084255934174
        ],
        "R31": [
            0.02642784332539128,
            0.9735721566746087
        ]
    },
    "J7": {
        "R29": [
            0.3339220954057916,
            0.6660779045942085
        ],
        "R34": [
            0.8269870403229409,
            7.293946024799416e-05,
            0.1729400202168111
        ],
        "R36": [
            0.4424702571884804,
            0.5575297428115197
        ],
        "R37": [
            0.1393354401388012,
            0.016738109027444693,
            0.8427954951041255,
            0.0011309557296285107
        ]
    },
    "J8": {
        "R35": [
            0.07197047591285809,
            0.5568662650719972,
            0.3711632590151447
        ],
        "R4": [
            0.5479998955270756,
            0.3185945922874204,
            0.1334055121855039,
            0.0
        ],
        "R40": [
            0.2600748970688839,
            0.32466452507106025,
            0.41526057786005593
        ]
    },
    "J9": {
        "R32": [
            0.33850338911069805,
            0.6614966108893019
        ],
        "R43": [
            0.9982417277423733,
            0.001694169693524062,
            6.41025641025641e-05
        ],
        "R44": [
            0.89035274906269,
            0.10964725093730995
        ]
    }
}
