{
    "J1": {
        "R2": [
            0.19654897685190031,
            0.8034510231480997,
            0.0
        ],
        "R3": [
            0.034678770128116695,
            0.6017446830475819,
            0.3635765468243015
        ],
        "R6": [
            0.0,
            1.0,
            0.0
        ],
        "R7": [
            0.0,
            1.0,
            0.0
        ]
    },
    "J10": {
        "R16": [
            0.18801877007882828,
            0.8119812299211718
        ],
        "R41": [
            0.0,
            0.19015195082881692,
            0.809848049171183
        ],
        "R42": [
            1.0
        ],
        "R46": [
            0.36733663740516176,
            0.6326633625948384
        ]
    },
    "J2": {
        "R12": [
            0.06212420001617808,
            0.937875799983822,
            0.0
        ],
        "R13": [
            0.8476900325741589,
            0.09412994547835409,
            0.05818002194748713
        ],
        "R8": [
            0.0,
            0.7116309883118855,
            0.28836901168811446
        ],
        "R9": [
            0.1916725593870923,
            0.6788614154522546,
            0.12946602516065303
        ]
    },
    "J3": {
        "R10": [
            0.8472677165393313,
            0.0,
            0.15273228346066875
        ],
        "R15": [
            0.0,
            1.0,
            0.0
        ],
        "R49": [
            0.0
        ]
    },
    "J4": {
        "R18": [
            0.046830095607904854,
            0.4791168154610367,
            0.47405308893105846
        ],
        "R20": [
            0.0,
            0.7263420643608514,
            0.2736579356391486
        ],
        "R21": [
            0.0,
            1.0,
            0.0
        ],
        "R5": [
            0.6404551629099627,
            0.35954483709003726,
            0.0
        ]
    },
    "J5": {
        "R11": [
            0.0,
            0.5453222910711816,
            0.4546777089288184,
            0.0
        ],
        "R22": [
            1.0,
            0.0,
            0.0,
            0.0
        ],
        "R24": [
            0.4029087606781979,
            0.41713971079749373,
            0.17995152852430835
        ],
        "R25": [
            0.6297445464242281,
            0.0,
            0.3702554535757719,
            0.0
        ]
    },
    "J6": {
        "R28": [
            0.0,
            0.0
        ],
        "R30": [
            1.0,
            0.0,
            0.0
        ],
        "R31": [
            0.0,
            1.0
        ]
    },
    "J7": {
        "R29": [
            0.0,
            1.0,
            0.0
        ],
        "R34": [
            1.0,
            0.0,
            0.0
        ],
        "R36": [
            0.0,
            1.0,
            0.0
        ],
        "R37": [
            0.0,
            0.0,
            1.0,
            0.0
        ]
    },
    "J8": {
        "R35": [
            0.0,
            0.6689794020404227,
            0.3310205979595773
        ],
        "R4": [
            0.8145268028392637,
            0.18547319716073635,
            0.0,
            0.0
        ],
        "R40": [
            0.0,
            0.6959276857882432,
            0.3040723142117568
        ]
    },
    "J9": {
        "R32": [
            0.0,
            1.0
        ],
        "R43": [
            1.0,
            0.0,
            0.0
        ],
        "R44": [
            1.0,
            0.0
        ]
    }
}