{
    "J1": {
        "R2": [
            0.19970193740685543,
            0.8002980625931445,
            0.0
        ],
        "R3": [
            0.03102291783119061,
            0.6084404695360537,
            0.3605366126327557
        ],
        "R6": [
            0.0,
            1.0,
            0.0
        ],
        "R7": [
            0.0,
            1.0,
            0.0
        ]
    },
    "J10": {
        "R16": [
            0.15477560414269276,
            0.8452243958573072
        ],
        "R41": [
            0.0,
            0.18331193838254173,
            0.8166880616174583
        ],
        "R42": [
            1.0
        ],
        "R46": [
            0.38522777532065455,
            0.6147722246793454
        ]
    },
    "J2": {
        "R12": [
            0.05579800498753117,
            0.9442019950124688,
            0.0
        ],
        "R13": [
            0.8473547267996531,
            0.09453599306157849,
            0.058109280138768434
        ],
        "R8": [
            0.0,
            0.7162534435261708,
            0.2837465564738292
        ],
        "R9": [
            0.19661408233936128,
            0.6839168911119662,
            0.11946902654867257
        ]
    },
    "J3": {
        "R10": [
            0.8099842590510457,
            0.0,
            0.19001574094895435
        ],
        "R15": [
            0.0,
            1.0,
            0.0
        ],
        "R49": [
            0.0
        ]
    },
    "J4": {
        "R18": [
            0.046701692936368944,
            0.47869235259778165,
            0.4746059544658494
        ],
        "R20": [
            0.0,
            0.68580375782881,
            0.31419624217118997
        ],
        "R21": [
            0.0,
            1.0,
            0.0
        ],
        "R5": [
            0.6251060220525869,
            0.3748939779474131,
            0.0
        ]
    },
    "J5": {
        "R11": [
            0.0,
            0.5508788159111934,
            0.44912118408880664,
            0.0
        ],
        "R22": [
            1.0,
            0.0,
            0.0,
            0.0
        ],
        "R24": [
            0.39768339768339767,
            0.4223938223938224,
            0.1799227799227799
        ],
        "R25": [
            0.6759448416751788,
            0.0,
            0.32405515832482124,
            0.0,
        ]
    },
    "J6": {
        "R28": [
            0.0,
            0.0
        ],
        "R30": [
            1.0,
            0.0,
            0.0
        ],
        "R31": [
            0.0,
            1.0
        ]
    },
    "J7": {
        "R29": [
            0.0,
            1.0,
            0.0
        ],
        "R34": [
            1.0,
            0.0,
            0.0
        ],
        "R36": [
            0.0,
            1.0,
            0.0
        ],
        "R37": [
            0.0,
            0.0,
            1.0,
            0.0
        ]
    },
    "J8": {
        "R35": [
            0.0,
            0.7788595271210014,
            0.2211404728789986
        ],
        "R4": [
            0.8064952638700947,
            0.19350473612990526,
            0.0,
            0.0
        ],
        "R40": [
            0.0,
            0.6932839767318879,
            0.3067160232681121
        ]
    },
    "J9": {
        "R32": [
            0.0,
            1.0
        ],
        "R43": [
            1.0,
            0.0,
            0.0
        ],
        "R44": [
            1.0,
            0.0
        ]
    }
}
