{
    "J1": {
        "R2": [
            0.1972435843606456,
            0.8027564156393545,
            0.0
        ],
        "R3": [
            0.03433564106934621,
            0.6037182812851153,
            0.3619460776455386
        ],
        "R6": [
            0.0,
            1.0,
            0.0
        ],
        "R7": [
            0.0,
            1.0,
            0.0
        ]
    },
    "J10": {
        "R16": [
            0.18687435826951276,
            0.8131256417304872
        ],
        "R41": [
            0.0,
            0.19259049235693676,
            0.8074095076430632
        ],
        "R42": [
            1.0
        ],
        "R46": [
            0.3676916824328892,
            0.6323083175671108
        ]
    },
    "J2": {
        "R12": [
            0.061879104195435485,
            0.9381208958045645,
            0.0
        ],
        "R13": [
            0.8476656104453687,
            0.09453665306106218,
            0.05779773649356916
        ],
        "R8": [
            0.0,
            0.7102395949554634,
            0.2897604050445366
        ],
        "R9": [
            0.19057002093248526,
            0.6766468940973015,
            0.1327830849702132
        ]
    },
    "J3": {
        "R10": [
            0.8507938813937516,
            0.0,
            0.14920611860624838
        ],
        "R15": [
            0.0,
            1.0,
            0.0
        ],
        "R49": [
            0.0
        ]
    },
    "J4": {
        "R18": [
            0.046769839285147455,
            0.4783730319343383,
            0.4748571287805143
        ],
        "R20": [
            0.0,
            0.7282793198389292,
            0.2717206801610708
        ],
        "R21": [
            0.0,
            1.0,
            0.0
        ],
        "R5": [
            0.644632628321895,
            0.355367371678105,
            0.0
        ]
    },
    "J5": {
        "R11": [
            0.0,
            0.5426949460929672,
            0.4573050539070329,
            0.0
        ],
        "R22": [
            1.0,
            0.0,
            0.0,
            0.0
        ],
        "R24": [
            0.4041935478637996,
            0.417319257860952,
            0.17848719427524848
        ],
        "R25": [
            0.6251510493358305,
            0.0,
            0.3748489506641694,
            0.0
        ]
    },
    "J6": {
        "R28": [
            0.0,
            0.0
        ],
        "R30": [
            1.0,
            0.0,
            0.0
        ],
        "R31": [
            0.0,
            1.0
        ]
    },
    "J7": {
        "R29": [
            0.0,
            1.0,
            0.0
        ],
        "R34": [
            1.0,
            0.0,
            0.0
        ],
        "R36": [
            0.0,
            1.0,
            0.0
        ],
        "R37": [
            0.0,
            0.0,
            1.0,
            0.0
        ]
    },
    "J8": {
        "R35": [
            0.0,
            0.6684248298007984,
            0.3315751701992015
        ],
        "R4": [
            0.8094270531142055,
            0.19057294688579457,
            0.0,
            0.0
        ],
        "R40": [
            0.0,
            0.6957535764886476,
            0.3042464235113524
        ]
    },
    "J9": {
        "R32": [
            0.0,
            1.0
        ],
        "R43": [
            1.0,
            0.0,
            0.0
        ],
        "R44": [
            1.0,
            0.0
        ]
    }
}