{
    "J1": {
        "R2": [
            0.19768290441457373,
            0.8023170955854263,
            0.0
        ],
        "R3": [
            0.03451686386779498,
            0.603259587633315,
            0.3622235484988901
        ],
        "R6": [
            0.0,
            1.0,
            0.0
        ],
        "R7": [
            0.0,
            1.0,
            0.0
        ]
    },
    "J10": {
        "R16": [
            0.18708851912699767,
            0.8129114808730022
        ],
        "R41": [
            0.0,
            0.19164352401765566,
            0.8083564759823444
        ],
        "R42": [
            1.0
        ],
        "R46": [
            0.36734328468741073,
            0.6326567153125894
        ]
    },
    "J2": {
        "R12": [
            0.06138129519061005,
            0.93861870480939,
            0.0
        ],
        "R13": [
            0.8474114013614158,
            0.09450168081329241,
            0.058086917825291844
        ],
        "R8": [
            0.0,
            0.7041440672580463,
            0.29585593274195365
        ],
        "R9": [
            0.1902149010013579,
            0.6777011546482434,
            0.13208394435039875
        ]
    },
    "J3": {
        "R10": [
            0.849917832186126,
            0.0,
            0.15008216781387387
        ],
        "R15": [
            0.0,
            1.0,
            0.0
        ],
        "R49": [
            0.0
        ]
    },
    "J4": {
        "R18": [
            0.04701959151868269,
            0.4785120737804079,
            0.47446833470090943
        ],
        "R20": [
            0.0,
            0.7370475949315617,
            0.2629524050684383
        ],
        "R21": [
            0.0,
            1.0,
            0.0
        ],
        "R5": [
            0.6751271322713225,
            0.3248728677286776,
            0.0
        ]
    },
    "J5": {
        "R11": [
            0.0,
            0.5445918280392563,
            0.45540817196074374,
            0.0
        ],
        "R22": [
            1.0,
            0.0,
            0.0,
            0.0
        ],
        "R24": [
            0.40352709880419024,
            0.414818436770336,
            0.18165446442547378
        ],
        "R25": [
            0.6300952318204934,
            0.0,
            0.3699047681795065,
            0.0
        ]
    },
    "J6": {
        "R28": [
            0.0,
            0.0
        ],
        "R30": [
            1.0,
            0.0,
            0.0
        ],
        "R31": [
            0.0,
            1.0
        ]
    },
    "J7": {
        "R29": [
            0.0,
            1.0,
            0.0
        ],
        "R34": [
            1.0,
            0.0,
            0.0
        ],
        "R36": [
            0.0,
            1.0,
            0.0
        ],
        "R37": [
            0.0,
            0.0,
            1.0,
            0.0
        ]
    },
    "J8": {
        "R35": [
            0.0,
            0.6694659472037797,
            0.3305340527962203
        ],
        "R4": [
            0.8072954987166916,
            0.19270450128330843,
            0.0,
            0.0
        ],
        "R40": [
            0.0,
            0.6959254245331739,
            0.3040745754668261
        ]
    },
    "J9": {
        "R32": [
            0.0,
            1.0
        ],
        "R43": [
            1.0,
            0.0,
            0.0
        ],
        "R44": [
            1.0,
            0.0
        ]
    }
}