{
    "J1": {
        "R2": [
            0.5887303816562494,
            0.4112696183437506,
            0.0
        ],
        "R3": [
            0.17092429618898078,
            0.4778569639508744,
            0.3512187398601449
        ],
        "R6": [
            0.439769843284401,
            0.29435103289257203,
            0.265879123823027
        ],
        "R7": [
            0.4843166513455151,
            0.5156833486544848,
            0.0
        ]
    },
    "J10": {
        "R16": [
            0.48444343900436243,
            0.5155565609956375
        ],
        "R41": [
            0.3688552812384267,
            0.21478106565586885,
            0.4163636531057045
        ],
        "R42": [
            1.0
        ],
        "R46": [
            0.7980156445978367,
            0.20198435540216328
        ]
    },
    "J2": {
        "R12": [
            0.4600872278925258,
            0.5399127721074742,
            0.0
        ],
        "R13": [
            0.8351357900103931,
            0.1169490507567346,
            0.04791515923287242
        ],
        "R8": [
            0.2834183965491641,
            0.49330492135203236,
            0.2232766820988036
        ],
        "R9": [
            0.3470501717796298,
            0.5659409214274314,
            0.08700890679293885
        ]
    },
    "J3": {
        "R10": [
            0.7217101143925718,
            0.09713631016667604,
            0.18115357544075222
        ],
        "R15": [
            0.14719956420522692,
            0.8522599182541366,
            0.0005405175406364938
        ],
        "R49": [
            0.0
        ]
    },
    "J4": {
        "R18": [
            0.24140133189425902,
            0.3995592800872559,
            0.3590393880184852
        ],
        "R20": [
            0.4165992784830726,
            0.27978014648840344,
            0.3036205750285241
        ],
        "R21": [
            0.4191116225408246,
            0.5794643999601077,
            0.0014239774990677117
        ],
        "R5": [
            0.6780277122200631,
            0.3219722877799369,
            0.0
        ]
    },
    "J5": {
        "R11": [
            0.022550496814385618,
            0.4599480059512898,
            0.2173701867146025,
            0.30013131051972197
        ],
        "R22": [
            0.9400940259144593,
            0.010526315789473682,
            0.049379658296066935
        ],
        "R24": [
            0.4213118351613509,
            0.4836934293660075,
            0.0949947354726417
        ],
        "R25": [
            0.5864656013046273,
            0.0005419105263260408,
            0.2517958219947359,
            0.1611966661743107
        ]
    },
    "J6": {
        "R28": [
            0.0,
            0.0
        ],
        "R30": [
            0.816632591985692,
            0.07818493168240889,
            0.10518247633189905
        ],
        "R31": [
            0.047308969080171126,
            0.9526910309198289
        ]
    },
    "J7": {
        "R29": [
            0.3420604985192793,
            0.6579395014807208
        ],
        "R34": [
            0.8418379879872249,
            9.416195856873824e-05,
            0.15806785005420643
        ],
        "R36": [
            0.4792721938480293,
            0.5207278061519707
        ],
        "R37": [
            0.1372006047160435,
            0.007891231351194329,
            0.8541710964458312,
            0.0007370674869310643
        ]
    },
    "J8": {
        "R35": [
            0.08232758194493935,
            0.5742030194706949,
            0.34346939858436587
        ],
        "R4": [
            0.5983523228354846,
            0.28823143543594837,
            0.11341624172856714,
            0.0
        ],
        "R40": [
            0.29231349918504235,
            0.302034694950691,
            0.40565180586426675
        ]
    },
    "J9": {
        "R32": [
            0.38033303527482715,
            0.6196669647251729
        ],
        "R43": [
            0.998748036350626,
            0.0011172813160227957,
            0.00013468233335101886
        ],
        "R44": [
            0.896717528588401,
            0.103282471411599
        ]
    }
}