{
    "J1": {
        "R2": [
            0.19742721790807272,
            0.8025727820919273,
            0.0
        ],
        "R3": [
            0.03447045356652975,
            0.6064983691464487,
            0.3590311772870216
        ],
        "R6": [
            0.0,
            1.0,
            0.0
        ],
        "R7": [
            0.0,
            1.0,
            0.0
        ]
    },
    "J10": {
        "R16": [
            0.18687477858748197,
            0.8131252214125181
        ],
        "R41": [
            0.0,
            0.1886147933114779,
            0.8113852066885221
        ],
        "R42": [
            1.0
        ],
        "R46": [
            0.36822470010526026,
            0.6317752998947398
        ]
    },
    "J2": {
        "R12": [
            0.06163556295738407,
            0.9383644370426159,
            0.0
        ],
        "R13": [
            0.846004167501966,
            0.09536159889402929,
            0.05863423360400466
        ],
        "R8": [
            0.0,
            0.7004934035692923,
            0.29950659643070765
        ],
        "R9": [
            0.18761884000039938,
            0.6797566871716163,
            0.13262447282798434
        ]
    },
    "J3": {
        "R10": [
            0.8494696325062114,
            0.0,
            0.15053036749378862
        ],
        "R15": [
            0.0,
            1.0,
            0.0
        ],
        "R49": [
            0.0
        ]
    },
    "J4": {
        "R18": [
            0.04691119690920166,
            0.48004739636516214,
            0.47304140672563616
        ],
        "R20": [
            0.0,
            0.734119008303008,
            0.2658809916969921
        ],
        "R21": [
            0.0,
            1.0,
            0.0
        ],
        "R5": [
            0.6595330270910263,
            0.34046697290897365,
            0.0
        ]
    },
    "J5": {
        "R11": [
            0.0,
            0.5485897871914948,
            0.4514102128085053,
            0.0
        ],
        "R22": [
            1.0,
            0.0,
            0.0,
            0.0
        ],
        "R24": [
            0.40340696990548974,
            0.4146036433203033,
            0.1819893867742069
        ],
        "R25": [
            0.6316895660896754,
            0.0,
            0.3683104339103246,
            0.0
        ]
    },
    "J6": {
        "R28": [
            0.0,
            0.0
        ],
        "R30": [
            1.0,
            0.0,
            0.0
        ],
        "R31": [
            0.0,
            1.0
        ]
    },
    "J7": {
        "R29": [
            0.0,
            1.0,
            0.0
        ],
        "R34": [
            1.0,
            0.0,
            0.0
        ],
        "R36": [
            0.0,
            1.0,
            0.0
        ],
        "R37": [
            0.0,
            0.0,
            1.0,
            0.0
        ]
    },
    "J8": {
        "R35": [
            0.0,
            0.6692612660040631,
            0.33073873399593695
        ],
        "R4": [
            0.8067626034845051,
            0.1932373965154948,
            0.0,
            0.0
        ],
        "R40": [
            0.0,
            0.6960022288602854,
            0.30399777113971466
        ]
    },
    "J9": {
        "R32": [
            0.0,
            1.0
        ],
        "R43": [
            1.0,
            0.0,
            0.0
        ],
        "R44": [
            1.0,
            0.0
        ]
    }
}
