{
    "J1": {
        "R2": [
            0.5891697317653631,
            0.4103256869866095,
            0.0005045812480273156
        ],
        "R3": [
            0.19400933012719163,
            0.46020622626227464,
            0.3457844436105337
        ],
        "R6": [
            0.43897015918673005,
            0.308940987874017,
            0.25208885293925304
        ],
        "R7": [
            0.5169855063301633,
            0.48301449366983673,
            0.0
        ]
    },
    "J10": {
        "R16": [
            0.4897526230124726,
            0.5102473769875274
        ],
        "R41": [
            0.38240149583899796,
            0.19990646199851264,
            0.41769204216248945
        ],
        "R42": [
            1.0
        ],
        "R46": [
            0.7970623352405678,
            0.20293766475943226
        ]
    },
    "J2": {
        "R12": [
            0.5135101645465164,
            0.4864898354534836,
            0.0
        ],
        "R13": [
            0.8343165505007971,
            0.11697292855965798,
            0.04871052093954499
        ],
        "R8": [
            0.303921676579612,
            0.5020211115914948,
            0.19405721182889338
        ],
        "R9": [
            0.3342853683285286,
            0.5795898047760001,
            0.08612482689547134
        ]
    },
    "J3": {
        "R10": [
            0.7090439496834238,
            0.09143992221771217,
            0.19951612809886415
        ],
        "R15": [
            0.15549151295204916,
            0.8438454746049355,
            0.0006630124430153682
        ],
        "R49": [
            0.0
        ]
    },
    "J4": {
        "R18": [
            0.2684210132205561,
            0.3799532857538851,
            0.3516257010255588
        ],
        "R20": [
            0.44580189440491613,
            0.27283687646383986,
            0.28136122913124395
        ],
        "R21": [
            0.4279363434641815,
            0.5708461492218376,
            0.001217507313980814
        ],
        "R5": [
            0.6840838192099397,
            0.31591618079006034,
            0.0
        ]
    },
    "J5": {
        "R11": [
            0.02896410182679631,
            0.48220388782553164,
            0.20603243550176875,
            0.28279957484590346
        ],
        "R22": [
            0.9211546840958604,
            0.05057189542483659,
            0.028273420479302827
        ],
        "R24": [
            0.43341613224439696,
            0.46217343062222244,
            0.10441043713338066
        ],
        "R25": [
            0.5835080722643897,
            0.0005496979218076878,
            0.2533337138225155,
            0.1626085159912871
        ]
    },
    "J6": {
        "R28": [
            0.0,
            0.0
        ],
        "R30": [
            0.8338165124433242,
            0.07370540211761357,
            0.09247808543906223
        ],
        "R31": [
            0.0707122026668285,
            0.9292877973331716
        ]
    },
    "J7": {
        "R29": [
            0.35422548642831064,
            0.6457745135716894
        ],
        "R34": [
            0.866987353948065,
            0.0,
            0.133012646051935
        ],
        "R36": [
            0.5252304805715633,
            0.4747695194284367
        ],
        "R37": [
            0.18429957763808924,
            0.001460045726276755,
            0.8142403766356341,
            0.0
        ]
    },
    "J8": {
        "R35": [
            0.09872169403721442,
            0.5647324896385296,
            0.33654581632425606
        ],
        "R4": [
            0.6400180207257955,
            0.26404680461036684,
            0.09593517466383765,
            0.0
        ],
        "R40": [
            0.3456395053794712,
            0.28103966261688795,
            0.3733208320036409
        ]
    },
    "J9": {
        "R32": [
            0.3995941048135338,
            0.6004058951864663
        ],
        "R43": [
            0.9994002922651299,
            0.0005242075461194792,
            7.550018875047187e-05
        ],
        "R44": [
            0.8997956327524289,
            0.10020436724757108
        ]
    }
}