{
    "J1": {
        "R2": [
            0.19816681205558379,
            0.8018331879444163,
            0.0
        ],
        "R3": [
            0.034046279872853184,
            0.6042000717396964,
            0.36175364838745055
        ],
        "R6": [
            0.0,
            1.0,
            0.0
        ],
        "R7": [
            0.0,
            1.0,
            0.0
        ]
    },
    "J10": {
        "R16": [
            0.1863604605727187,
            0.8136395394272814
        ],
        "R41": [
            0.0,
            0.19003430976292107,
            0.809965690237079
        ],
        "R42": [
            1.0
        ],
        "R46": [
            0.36734188002861734,
            0.6326581199713827
        ]
    },
    "J2": {
        "R12": [
            0.062111599148677296,
            0.9378884008513227,
            0.0
        ],
        "R13": [
            0.8477456009064518,
            0.09413678139575841,
            0.05811761769778977
        ],
        "R8": [
            0.0,
            0.7081425322239407,
            0.2918574677760593
        ],
        "R9": [
            0.18823288649876918,
            0.6808241630923801,
            0.13094295040885073
        ]
    },
    "J3": {
        "R10": [
            0.8491003788895047,
            0.0,
            0.15089962111049532
        ],
        "R15": [
            0.0,
            1.0,
            0.0
        ],
        "R49": [
            0.0
        ]
    },
    "J4": {
        "R18": [
            0.04694381387479318,
            0.4773934969085758,
            0.47566268921663096
        ],
        "R20": [
            0.0,
            0.7353694193083422,
            0.26463058069165785
        ],
        "R21": [
            0.0,
            1.0,
            0.0
        ],
        "R5": [
            0.6825444430542722,
            0.3174555569457278,
            0.0
        ]
    },
    "J5": {
        "R11": [
            0.0,
            0.5429472844876979,
            0.45705271551230203,
            0.0
        ],
        "R22": [
            1.0,
            0.0,
            0.0,
            0.0
        ],
        "R24": [
            0.40300901597684574,
            0.41574014440585677,
            0.1812508396172975
        ],
        "R25": [
            0.6349968229890244,
            0.0,
            0.3650031770109757,
            0.0
        ]
    },
    "J6": {
        "R28": [
            0.0,
            0.0
        ],
        "R30": [
            1.0,
            0.0,
            0.0
        ],
        "R31": [
            0.0,
            1.0
        ]
    },
    "J7": {
        "R29": [
            0.0,
            1.0,
            0.0
        ],
        "R34": [
            1.0,
            0.0,
            0.0
        ],
        "R36": [
            0.0,
            1.0,
            0.0
        ],
        "R37": [
            0.0,
            0.0,
            1.0,
            0.0
        ]
    },
    "J8": {
        "R35": [
            0.0,
            0.6685463129036247,
            0.3314536870963754
        ],
        "R4": [
            0.8094998447661921,
            0.19050015523380803,
            0.0,
            0.0
        ],
        "R40": [
            0.0,
            0.6960165196218228,
            0.30398348037817724
        ]
    },
    "J9": {
        "R32": [
            0.0,
            1.0
        ],
        "R43": [
            1.0,
            0.0,
            0.0
        ],
        "R44": [
            1.0,
            0.0
        ]
    }
}